"Tomahawk,ML-Gaspar,[]"
"Gucc1G4ng69,ML-Gaspar,[]"
"blazinglyblaze,ML-Gaspar,[]"
"SkepticalTracer,ML-Gaspar,[]"
"SnipedBrah,ML-Gaspar,[]"
"semi,ML-Gaspar,[]"
"FrostFire14,ML-Gaspar,[]"
"thecarpmaster,ML-Gaspar,[]"
"GxCxB,ML-Gaspar,[]"
"PartyMarty18,ML-Gaspar,[]"
"chrispychris27,ML-Gaspar,[]"
"semi,UL-Muscle,[]"
"WinstontheChamp,UL-Muscle,[]"
"ManuakJR,UL-Muscle,[]"
"MaxZer0,UL-Muscle,[]"
"TheActualNomad,UL-Muscle,[]"
"alanalanalanalan,UL-Muscle,[]"
"redclifeee,UL-Muscle,[]"
"Jd2332,UL-Muscle,[]"
"OkayThen,UL-Muscle,[]"
"kaboose7,GL-Dux,[]"
"MaxZer0,GL-Dux,[]"
"Sepheal,GL-Dux,[]"
"napricot,GL-Dux,[]"
"FrostFire14,GL-Dux,[]"
"7ws7,GL-Dux,[]"
"Jmillz113,GL-Dux,[]"
"Mother0fShadows,GL-Dux,[]"
"Arrohh,GL-Dux,[]"
"Kayne98,GL-Dux,[]"
"Jr13,MLC-Makit,[]"
"Flooom,MLC-Makit,[]"
"thecarpmaster,MLC-Makit,[]"
"hmm,MLC-Makit,[]"
"YiRuS,MLC-Makit,[]"
"Boozdoo,MLC-Makit,[]"
"HeartbrokenKid,MLC-Makit,[]"
"CaptIllmatic,MLC-Makit,[]"
"OkayThen,MLC-Makit,[]"
"napricot,MLC-Makit,[]"
"DrrDave,MLC-Makit,[]"
"TheActualNomad,ML-Charap,[]"
"Blubbock,ML-Charap,[]"
"OlivieroG,ML-Charap,[]"
"Loudmouth53,ML-Charap,[]"
"Gundam95,ML-Charap,[]"
"mdke1,ML-Charap,[]"
"TendouXForce,ML-Charap,[]"
"MisterManding0,ML-Charap,[]"
"PPMIgo,ML-Charap,[]"
"Trogdor89,ML-Charap,[]"
"Sliphorn,ML-Charap,[]"
"Yanimalslayer,MLC-Skitit,[]"
"Guga_HFT,MLC-Skitit,[]"
"Kamagi8,MLC-Skitit,[]"
"MagicCarp272,MLC-Skitit,[]"
"Shadow Mohican,MLC-Skitit,[]"
"Adrianwildcat,MLC-Skitit,[]"
"RaymondHrtwn,MLC-Skitit,[]"
"Jbcao1987,MLC-Skitit,[]"
"LeJener|BlueKnighters,MLC-Skitit,[]"
"hidup_sihat,MLC-Skitit,[]"
"Mysticpadfoot,UL-Volty,[]"
"Adakazam,UL-Volty,[]"
"ReadyToLoseNow,UL-Volty,[]"
"BandManClayton,UL-Volty,[]"
"Wowtastic,UL-Volty,[]"
"Shadow Mohican,UL-Volty,[]"
"alejoospinar263,UL-Volty,[]"
"Professyr,UL-Volty,[]"
"TheRKOP,UL-Volty,[]"
"Jbcao1987,UL-Aeroy,[]"
"BigDolan91,UL-Aeroy,[]"
"Mother0fShadows,UL-Aeroy,[]"
"EwiLhun,UL-Aeroy,[]"
"RandomD,UL-Aeroy,[]"
"TendouXForce,UL-Aeroy,[]"
"tommyhamster,UL-Aeroy,[]"
"LeJener|BlueKnighters,UL-Aeroy,[]"
"ReadyToLoseNow,GL-Marc,[]"
"MagicCarp272,GL-Marc,[]"
"TheRKOP,GL-Marc,[]"
"mostycool,GL-Marc,[]"
"OkayThen,GL-Marc,[]"
"natedawg312#0140,GL-Marc,[]"
"Brownballer10,GL-Marc,[]"
"WinstontheChamp,GL-Marc,[]"
"semi,GL-Marc,[]"
"TheDee2530,GL-Marc,[]"
"o0chymane,GL-Crinkles,[]"
"iamgross (Zack),GL-Crinkles,[]"
"Magmarman26,GL-Crinkles,[]"
"calidadQ,GL-Crinkles,[]"
"rawrBOOKS,GL-Crinkles,[]"
"chromiridium (bassoon),GL-Crinkles,[]"
"Salickitung,GL-Crinkles,[]"
"Cedric801,GL-Crinkles,[]"
"BigDolan91,GL-Crinkles,[]"
"saucecastillo,GL-Crinkles,[]"
"rohitashwyo,GL-Sailor,[]"
"Dusanristic19,GL-Sailor,[]"
"Tommyphoenix (GurandoKing),GL-Sailor,[]"
"yerinaah,GL-Sailor,[]"
"hidup_sihat,GL-Sailor,[]"
"tommyhamster,GL-Sailor,[]"
"Thomceane,GL-Sailor,[]"
"Jbcao1987,GL-Sailor,[]"
"Username,GL-Sailor,[]"
"Ray5r,GL-Sailor,[]"
"JamieMcElwain,ML-Foppa,[]"
"Masar89,ML-Foppa,[]"
"ThomasYoung1997,ML-Foppa,[]"
"javiercar,ML-Foppa,[]"
"SupaSaiyamGod,ML-Foppa,[]"
"Jr13,ML-Foppa,[]"
"Patthecat21,ML-Foppa,[]"
"SimonTheYellow,ML-Foppa,[]"
"MaxZer0,ML-Foppa,[]"
"HeartbrokenKid,ML-Foppa,[]"
"Bosoxguy,ML-Hornlette,[]"
"AcornKiller,ML-Hornlette,[]"
"Prisoner0fwar,ML-Hornlette,[]"
"Theincrediblean,ML-Hornlette,[]"
"ptierney671,ML-Hornlette,[]"
"S.Tat,ML-Hornlette,[]"
"JoseSince92,ML-Hornlette,[]"
"christiloulou,ML-Hornlette,[]"
"DrrDave,ML-Hornlette,[]"
"DannyClimbs,ML-Hornlette,[]"
"alejoospinar263,ML-Rusty,[]"
"redclifeee,ML-Rusty,[]"
"RickyOMG,ML-Rusty,[]"
"RandomD,ML-Rusty,[]"
"BigMon3y,ML-Rusty,[]"
"YiRuS,ML-Rusty,[]"
"Boozdoo,ML-Rusty,[]"
"wenjiun,ML-Rusty,[]"
"Minicokeee,ML-Rusty,[]"
"adammaskil,ML-Rusty,[]"